,UserTags,TimeStamps,Tweets
0,Satoshi,2023-08-09T20:52:20.000Z,
1,Codie Sanchezz,2023-08-09T20:52:20.000Z,Déj qui parlent pas la langue
2,MrCryptHODL,2023-08-09T20:52:20.000Z,Art and Bitcoin are two very close worlds come and take a look #Bitcoin
3,Charged Ventures,2023-08-09T20:52:20.000Z,It's enormous that politicians are tripping over themselves to get into Bitcoin but who will have more power than politicians in the digital age? PODCASTERS! Some of the biggest podcasters most influential voices online are beginning to become ''Bitcoin curious''.. 7/
4,Satoshi,2023-08-09T20:52:20.000Z,Rogan may not be a die-hard Bitcoiner like Saylor but he's slowly warming up to BTC recently stating: ''There's a finite amount of Bitcoin what happens if there's none for you?'' Rogan is the world´s largest podcaster with 13M YT subs gets 100M views monthly! 8/
5,Satoshi,2023-08-09T20:52:20.000Z,What’s a Bitcoin
6,,,Rest easy knowing your bitcoin is safe with Unchained.
7,,,Is Bitcoin going back to all-time highs Understand what Tom Lee’s predictions are for the price of Bitcoin and other digital assets with FS Insight’s Crypto Membership.
8,,,Javier Milei may only have 761k followers on Twitter but he's currently the favorite to become the next president of 46M Argentines. Javier Milei is a Bitcoin sound money proponent! Milei isn't the ONLY presidential candidate who's giving Bitcoin an opportunity... 4/
9,,,Circle introduced a #Web3 programmable wallet platform for businesses The service will allow developers and merchants to integrate and personalize Circle’s Programmable Wallets into their apps and build services. #Crypto #Bitcoin #Binance #NFTs #CRYPTONEWS #Cryptocurrency Show more
10,,,Good job
11,,,BNT/USDT Buy range 0.3580-0.3600 (04.08.2023) Target 1 0.4760 (04.08.2023) Target 2 0.5940 (04.08.2023) Target 3 0.7160 (04.08.2023) Stop loss 0.3560 (04.08.2023) BNT/USDT Profit Profit +110.00% #bitcoin #binance #coinbase #kucoin #signals
12,Satoshi,2023-08-09T20:52:12.000Z,Insanity
13,Bitcoin Binance Pump Signal,2023-08-09T20:52:12.000Z,Professor falando pra investir em Bitcoin
14,Unchained,2023-08-09T20:52:12.000Z,Michael Saylor is one of the most vocal Bitcoin advocates has 3M Twitter followers. His economic signaling is bigger than his social signaling as he's the largest corporate Bitcoin holder in the world owning over 150K BTC. The next public Bitcoiner is EVEN BIGGER. 3/
15,Satoshi,2023-08-09T20:52:12.000Z,DAO Distribution!
16,"BitcoinIsMySafeWord (,)",2023-08-09T20:52:12.000Z,The race to get rich drove the retail mania in the 2017 Bitcoin bull market? All of the ingredients for another wave of retail FOMO are slowly being developed in preparation for the 2024 halving. This potential demand could be met by a HUGE supply suffocation... 14/
17,Satoshi,2023-08-09T20:52:12.000Z,Bitcoin
18,Satoshi,2023-08-09T20:51:57.000Z,_DE_Help wann bitcoin?
19,ethan,2023-08-09T20:51:57.000Z,Inflation is real Bitcoin may have had a massive crash but its reason for existence is irrefutable.
20,DFG,2023-08-09T20:52:02.000Z,"$BTC touched $30,000 for the first time since April. We are so back. TO THE MOON #bullrun #cryptocurrency #Crypto #BTC"
21,Satoshi,2023-08-09T20:52:02.000Z,"The first episode of ""Tucker on Twitter, netted millions of views Tucker has previously interviewed many famous Bitcoiners like Michael Saylor Bukele Marty Bent. It's only a matter of time before he fully embraces Bitcoin orange pills his enormous audience. 12/"
22,Octa_bitcoin,2023-08-09T20:52:02.000Z,His audience is 100X larger than mainstream media. Rogan's audience is getting primed for Bitcoin because he´s had some conversations about Bitcoin with many guests... If his audience gets orange-pilled it would be partially due to one of his guests...the PODFATHER. 9/
